F,,,CONSTRUCTION, B�?TIMENT ET TRAVAUX PUBLICS,
F,11,,Conception et Ǹtudes,
F,11,01,Architecture du BTP,
F,11,01,AgrǸǸ / AgrǸǸe en architecture,10799
F,11,01,Architecte,11110
F,11,01,Architecte conseiller / conseill��re,11111
F,11,01,Architecte consultant / consultante,11112
F,11,01,Architecte des monuments de France,11116
F,11,01,Architecte du bǽtiment,11118
F,11,01,Architecte paysagiste,11122
F,11,01,Architecte paysagiste urbain / urbaine,11123
F,11,01,Architecteur / Architecteure,11131
F,11,01,Architecte-urbaniste,11132
F,11,02,Conception - amǸnagement d'espaces intǸrieurs,
F,11,02,Architecte dǸcorateur / dǸcoratrice,11115
F,11,02,Architecte d'intǸrieur,11117
F,11,02,Assistant dǸcorateur / Assistante dǸcoratrice d'intǸrieur,11260
F,11,02,Concepteur amǸnageur / Conceptrice amǸnageuse d'espaces intǸrieurs,12809
F,11,02,Conseiller / Conseill��re en architecture,13406
F,11,02,DǸcorateur / DǸcoratrice conseil,13902
F,11,02,DǸcorateur / DǸcoratrice d'intǸrieur,13903
F,11,02,DǸcorateur ensemblier / DǸcoratrice ensembli��re,13905
F,11,02,Designer / Designeuse d'environnement,13994
F,11,03,Contr��le et diagnostic technique du bǽtiment,
F,11,03,ChargǸ / ChargǸe d'affaires contr��le technique de construction,11752
F,11,03,Contr��leur / Contr��leuse technique de la construction,13655
F,11,03,Contr��leur / Contr��leuse technique du BTP,13657
F,11,03,Diagnostiqueur / Diagnostiqueuse bǽtiment,14162
F,11,03,Diagnostiqueur / Diagnostiqueuse construction amiante,14163
F,11,03,Diagnostiqueur / Diagnostiqueuse performance ǸnergǸtique bǽtiment,38153
F,11,03,Expert / Experte multirisques habitation,14955
F,11,03,IngǸnieur / IngǸnieure bǽtiment contr��le technique de construction -CTC-,15591
F,11,03,IngǸnieur / IngǸnieure contr��le technique de construction -CTC-,15621
F,11,03,IngǸnieur chargǸ / IngǸnieure chargǸe d'affaires contr��le technique de construction -CTC-,15600
F,11,03,IngǸnieur expert / IngǸnieure experte BTP,15800
F,11,03,Inspecteur / Inspectrice technique d'immeubles,15993
F,11,03,OpǸrateur / OpǸratrice de repǸrage amiante,17158
F,11,03,Responsable technique diagnostic du bǽtiment,19201
F,11,03,Technicien / Technicienne contr��le technique de construction -CTC-,19699
F,11,03,Technicien / Technicienne de diagnostics immobiliers,19754
F,11,03,Technicien / Technicienne de diagnostics techniques du bǽtiment,19755
F,11,03,Technicien / Technicienne de la construction,19779
F,11,03,Technicien / Technicienne diagnostics amiante,19989
F,11,03,Technicien chargǸ / Technicienne chargǸe de diagnostics en amiante,19684
F,11,03,Technicien chargǸ / Technicienne chargǸe de diagnostics immobiliers,19685
F,11,03,Technicien diagnostiqueur / Technicienne diagnostiqueuse en immobilier,19990
F,11,03,Technicien expert / Technicienne experte immobilier,20141
F,11,04,Dessin BTP,
F,11,04,BIM Modeleur / Modeleuse,38931
F,11,04,Collaborateur / Collaboratrice d'architecte,12702
F,11,04,Commis / Commise d'architecte,12752
F,11,04,Dessinateur / Dessinatrice d'amǸnagements extǸrieurs,14016
F,11,04,Dessinateur / Dessinatrice de la construction,14020
F,11,04,Dessinateur / Dessinatrice des travaux publics,14028
F,11,04,Dessinateur / Dessinatrice d'Ǹtudes du BTP,14031
F,11,04,Dessinateur / Dessinatrice d'exǸcution du BTP,14036
F,11,04,Dessinateur / Dessinatrice du bǽtiment,14041
F,11,04,Dessinateur / Dessinatrice du BTP,14042
F,11,04,Dessinateur / Dessinatrice en amǸnagements intǸrieurs,14044
F,11,04,Dessinateur / Dessinatrice en bǸton armǸ,14049
F,11,04,Dessinateur / Dessinatrice en gǸnie civil,14059
F,11,04,Dessinateur / Dessinatrice en mǸtallerie,14071
F,11,04,Dessinateur / Dessinatrice en Voirie RǸseaux Divers (VRD),14081
F,11,04,Dessinateur / Dessinatrice paysagiste,14087
F,11,04,Dessinateur mǸtreur / Dessinatrice mǸtreuse,14086
F,11,04,Dessinateur vǸrificateur / Dessinatrice vǸrificatrice du BTP,14091
F,11,04,Dessinateur-projeteur / Dessinatrice-projeteuse du BTP,14105
F,11,04,Dessinateur-projeteur / Dessinatrice-projeteuse en gǸnie climatique,38342
F,11,04,Dessinateur-projeteur / Dessinatrice-projeteuse en urbanisme,14134
F,11,04,Projeteur / Projeteuse bǸton armǸ,18197
F,11,04,Projeteur / Projeteuse Voirie RǸseaux Divers (VRD),18201
F,11,05,�?tudes gǸologiques,
F,11,05,Calculateur gǸophysicien / Calculatrice gǸophysicienne,11653
F,11,05,GǸochimiste,15251
F,11,05,GǸodǸsien / GǸodǸsienne,15252
F,11,05,GǸologue,15254
F,11,05,GǸologue de chantier,15255
F,11,05,GǸologue en recherche prospective,15256
F,11,05,GǸologue minier / mini��re,15257
F,11,05,GǸologue pǸtrolier / pǸtroli��re,15258
F,11,05,GǸologue prospecteur / prospectrice,15259
F,11,05,GǸologue-topographe,15260
F,11,05,GǸophysicien / GǸophysicienne,15268
F,11,05,GǸophysicien / GǸophysicienne en interprǸtation,15269
F,11,05,GǸotechnicien / GǸotechnicienne,15270
F,11,05,GǸothermicien / GǸothermicienne,15271
F,11,05,Glaciologue,15377
F,11,05,HydrogǸologue,15503
F,11,05,Hydrologue,15505
F,11,05,IngǸnieur / IngǸnieure des rǸservoirs et des boues,15684
F,11,05,IngǸnieur / IngǸnieure gǸologue,15810
F,11,05,IngǸnieur / IngǸnieure hydrogǸologue,15818
F,11,05,IngǸnieur / IngǸnieure rǸservoir,15875
F,11,05,IngǸnieur gǸophysicien / IngǸnieure gǸophysicienne,15812
F,11,05,IngǸnieur mǸcanicien / IngǸnieure mǸcanicienne des sols et des roches,15831
F,11,05,MinǸrallurgiste,16679
F,11,05,PǸdologue,17606
F,11,05,PǸtrographe,17675
F,11,05,SǸismologue,19405
F,11,05,Sismologue,19435
F,11,05,Sondeur / Sondeuse gǸologue,19454
F,11,05,Technicien / Technicienne gǸologue ,20154
F,11,05,Technicien / Technicienne gǸologue de sonde,20155
F,11,05,Technicien / Technicienne gǸologue de terrain,20156
F,11,05,Technicien / Technicienne gǸologue d'Ǹtudes,20157
F,11,05,Technicien / Technicienne gǸologue en laboratoire,20158
F,11,05,Volcanologue,20719
F,11,05,Vulcanologue,20723
F,11,06,IngǸnierie et Ǹtudes du BTP,
F,11,06,Acousticien / Acousticienne BTP,10260
F,11,06,Assistant  chargǸ / Assistante chargǸe d'affaires BTP,38998
F,11,06,Assistant chargǸ / Assistante chargǸe d'affaires BTP en gǸnie climatique et ǸnergǸtique,38999
F,11,06,BIM Manager,38932
F,11,06,ChargǸ / ChargǸe d'affaires BTP,11751
F,11,06,ChargǸ / ChargǸe d'affaires BTP en gǸnie climatique et ǸnergǸtique,38736
F,11,06,ChargǸ / ChargǸe d'affaires de la construction,11753
F,11,06,ChargǸ / ChargǸe d'affaires en ǸlectricitǸ,11754
F,11,06,ChargǸ / ChargǸe d'Ǹtudes techniques du BTP,11922
F,11,06,Chef de bureau d'Ǹtudes en BTP,12073
F,11,06,Chef de projet BTP,12232
F,11,06,Conseiller / Conseill��re technique habitat Ǹcologique,38493
F,11,06,Domoticien / Domoticienne,14518
F,11,06,IngǸnieur / IngǸnieure bǽtiment,15590
F,11,06,IngǸnieur / IngǸnieure calcul de structure,15597
F,11,06,IngǸnieur / IngǸnieure de planification en BTP,15656
F,11,06,IngǸnieur / IngǸnieure des travaux publics,15690
F,11,06,IngǸnieur / IngǸnieure des travaux publics de l'Etat,15691
F,11,06,IngǸnieur / IngǸnieure d'Ǹtudes bǸton armǸ,15701
F,11,06,IngǸnieur / IngǸnieure d'Ǹtudes BTP,15702
F,11,06,IngǸnieur / IngǸnieure d'Ǹtudes BTP en gǸnie climatique et ǸnergǸtique,38735
F,11,06,IngǸnieur / IngǸnieure d'Ǹtudes constructions mǸtalliques,15703
F,11,06,IngǸnieur / IngǸnieure d'Ǹtudes de prix BTP,15705
F,11,06,IngǸnieur / IngǸnieure d'Ǹtudes en gǸnie climatique,15706
F,11,06,IngǸnieur / IngǸnieure d'Ǹtudes en gǸnie Ǹlectrique,15707
F,11,06,IngǸnieur / IngǸnieure efficacitǸ ǸnergǸtique bǽtiment,38154
F,11,06,IngǸnieur / IngǸnieure en acoustique,15736
F,11,06,IngǸnieur / IngǸnieure en domotique,15754
F,11,06,IngǸnieur / IngǸnieure gǸnie civil,15808
F,11,06,IngǸnieur / IngǸnieure mǸthodes BTP,15835
F,11,06,IngǸnieur / IngǸnieure ouvrages d'art,38491
F,11,06,IngǸnieur / IngǸnieure structure BTP,15889
F,11,06,IngǸnieur / IngǸnieure technique et Ǹtudes de prix,15902
F,11,06,IngǸnieur / IngǸnieure travaux,15908
F,11,06,IngǸnieur / IngǸnieure travaux terrassement,38492
F,11,06,IngǸnieur chargǸ / IngǸnieure chargǸe d'affaires du BTP,15601
F,11,06,IngǸnieur commercial / IngǸnieure commerciale BTP,15615
F,11,06,Officier / Offici��re de maǩtrise d'oeuvre BTP,17019
F,11,06,Responsable de projet BTP,18826
F,11,06,Responsable de travaux immobiliers,18889
F,11,06,Technicien / Technicienne des mǸthodes BTP,19949
F,11,06,Technicien / Technicienne d'Ǹtudes BTP,19959
F,11,06,Technicien / Technicienne d'Ǹtudes BTP en gǸnie climatique et ǸnergǸtique,38737
F,11,06,Technicien / Technicienne en acoustique BTP,20035
F,11,06,Technicien / Technicienne Ǹtudes de prix BTP,20137
F,11,07,Mesures topographiques,
F,11,07,Aide-gǸom��tre-topographe,10876
F,11,07,Arpenteur / Arpenteuse,11145
F,11,07,Assistant / Assistante gǸom��tre,11292
F,11,07,ChargǸ / ChargǸe d'affaires fonci��res,11757
F,11,07,Dessinateur / Dessinatrice topographe,14090
F,11,07,GǸom��tre,15262
F,11,07,GǸom��tre du cadastre,15263
F,11,07,GǸom��tre expert / experte,15264
F,11,07,GǸom��tre-topographe,15265
F,11,07,GǸom��tre-topographe du bǽtiment,15266
F,11,07,IngǸnieur / IngǸnieure gǸom��tre,15811
F,11,07,IngǸnieur / IngǸnieure topographe,15907
F,11,07,Inspecteur / Inspectrice du cadastre,15969
F,11,07,OpǸrateur / OpǸratrice gǸom��tre,17234
F,11,07,OpǸrateur / OpǸratrice gǸom��tre-topographe,17235
F,11,07,Photogramm��tre-topographe,17699
F,11,07,Technicien / Technicienne gǸom��tre,20160
F,11,07,Topographe,20367
F,11,08,MǸtrǸ de la construction,
F,11,08,Economiste de la construction,14567
F,11,08,MǸtreur / MǸtreuse,16650
F,11,08,MǸtreur / MǸtreuse bǽtiment,16651
F,11,08,MǸtreur / MǸtreuse du BTP,16652
F,11,08,MǸtreur / MǸtreuse en charpente et menuiserie bois,16653
F,11,08,MǸtreur / MǸtreuse en ǸlectricitǸ,16654
F,11,08,MǸtreur / MǸtreuse en gǸnie climatique et sanitaire,16655
F,11,08,MǸtreur / MǸtreuse en mǸtallerie et construction mǸtallique,16656
F,11,08,MǸtreur / MǸtreuse en rǸhabilitation de l'habitat,16657
F,11,08,MǸtreur / MǸtreuse gros oeuvre,16658
F,11,08,MǸtreur / MǸtreuse second oeuvre,16659
F,11,08,MǸtreur / MǸtreuse travaux publics,16660
F,11,08,MǸtreur-concepteur / MǸtreuse-conceptrice,16661
F,11,08,MǸtreur-vǸrificateur / MǸtreuse-vǸrificatrice,16662
F,12,,Conduite et encadrement de chantier - travaux,
F,12,01,Conduite de travaux du BTP,
F,12,01,Assistant conducteur / Assistante conductrice de travaux,38384
F,12,01,Chef de secteur travaux publics,12330
F,12,01,Chef de travaux,12380
F,12,01,Chef de travaux BTP,12381
F,12,01,Conducteur / Conductrice de travaux,13209
F,12,01,Conducteur / Conductrice de travaux de gǸnie climatique,38332
F,12,01,Conducteur / Conductrice de travaux du bǽtiment,13210
F,12,01,Conducteur / Conductrice de travaux du BTP,13211
F,12,01,Conducteur / Conductrice de travaux en constructions mǸtalliques,13212
F,12,01,Conducteur / Conductrice de travaux en ǸlectricitǸ,13213
F,12,01,Conducteur / Conductrice de travaux en rǸnovation ǸnergǸtique,39000
F,12,01,Conducteur / Conductrice de travaux gǸnie civil,13214
F,12,01,Conducteur / Conductrice de travaux gros oeuvre,13215
F,12,01,Conducteur / Conductrice de travaux paysagers,13217
F,12,01,Conducteur / Conductrice de travaux ports maritimes et voies navigables,13218
F,12,01,Conducteur / Conductrice de travaux publics,13220
F,12,01,Conducteur / Conductrice de travaux second oeuvre,13221
F,12,01,Conducteur / Conductrice de travaux tous corps d'Ǹtat,13222
F,12,01,Conducteur / Conductrice de travaux Voirie, RǸseaux Divers -VRD-,13223
F,12,01,Conducteur / Conductrice des travaux publics de l'Etat,13271
F,12,01,Conducteur / Conductrice d'opǸrations BTP,13288
F,12,01,Conducteur / Conductrice du bǽtiment,13290
F,12,01,Conducteur / Conductrice gǸnie civil,13298
F,12,01,Conducteur principal / Conductrice principale de travaux,13219
F,12,01,Conducteur principal / Conductrice principale des travaux publics,13314
F,12,01,Coordonnateur / Coordonnatrice de chantier,13700
F,12,01,Directeur / Directrice de travaux,14334
F,12,01,Directeur / Directrice de travaux BTP,14335
F,12,01,IngǸnieur / IngǸnieure de travaux,15676
F,12,01,IngǸnieur / IngǸnieure de travaux BTP,15677
F,12,01,Responsable de travaux,18887
F,12,01,Responsable de travaux BTP,18888
F,12,01,Superviseur / Superviseuse tous corps d'Ǹtat,19571
F,12,02,Direction de chantier du BTP,
F,12,02,Assistant / Assistante chef de chantier,38738
F,12,02,Chef de chantier,12090
F,12,02,Chef de chantier bǽtiment,12091
F,12,02,Chef de chantier du BTP,12093
F,12,02,Chef de chantier ǸlectricitǸ,12094
F,12,02,Chef de chantier gǸnie civil,38385
F,12,02,Chef de chantier gros oeuvre,12095
F,12,02,Chef de chantier montage de structures mǸtalliques,12096
F,12,02,Chef de chantier principal / principale,12099
F,12,02,Chef de chantier second oeuvre,12100
F,12,02,Chef de chantier travaux publics,12101
F,12,02,Chef de chantier travaux publics et voirie,12102
F,12,02,Chef d'Ǹquipe gros oeuvre,38447
F,12,02,Chef d'Ǹquipe travaux publics,38852
F,12,02,Commis / Commise de chantier,12754
F,12,02,Responsable de chantier,18682
F,12,03,Direction et ingǸnierie d'exploitation de gisements et de carri��res,
F,12,03,Chef de carri��re,12079
F,12,03,Chef de chantier de forage,12092
F,12,03,Chef de chantier pǸtrole, gaz,12098
F,12,03,Chef de gisement,12153
F,12,03,Chef de mission prospection mini��re,12194
F,12,03,Chef d'exploitation de carri��re,12512
F,12,03,Chef d'exploitation de gisement,12514
F,12,03,Chef porion / porionne,12598
F,12,03,IngǸnieur / IngǸnieure de complǸtion en exploitation des gisements,15629
F,12,03,IngǸnieur / IngǸnieure de forage,15639
F,12,03,IngǸnieur / IngǸnieure de gisement,15642
F,12,03,IngǸnieur / IngǸnieure de production pǸtroli��re,15661
F,12,03,IngǸnieur / IngǸnieure de sǸcuritǸ en exploitation de gisements,15672
F,12,03,IngǸnieur / IngǸnieure de sonde,15673
F,12,03,IngǸnieur / IngǸnieure d'exploitation de gisements,15716
F,12,03,IngǸnieur / IngǸnieure d'installations mini��res,15720
F,12,03,Porion / Porionne,17891
F,12,03,Responsable d'exploitation de gisements et de carri��res,18977
F,12,03,Statigraphe,19520
F,12,03,Stratigraphe,19538
F,12,03,Technicien / Technicienne d'exploitation de gisement,19971
F,12,04,SǸcuritǸ et protection santǸ du BTP,
F,12,04,Animateur / Animatrice de sǸcuritǸ du BTP,11031
F,12,04,Coordonnateur / Coordonnatrice de sǸcuritǸ chantier,13708
F,12,04,Coordonnateur / Coordonnatrice Ordonnancement, Pilotage et Coordination de chantier -OPC-,13720
F,12,04,Coordonnateur / Coordonnatrice SǸcuritǸ, Protection de la SantǸ -SPS-,13721
F,12,04,IngǸnieur / IngǸnieure sǸcuritǸ en BTP,15882
F,12,04,Responsable environnement et sǸcuritǸ chantier,19070
F,12,04,Responsable sǸcuritǸ et protection santǸ du BTP,19179
F,12,04,Superviseur / Superviseuse sǸcuritǸ chantier,19570
F,13,,Engins de chantier,
F,13,01,Conduite de grue,
F,13,01,Conducteur / Conductrice de grue,12957
F,13,01,Conducteur / Conductrice de grue �� benne,12958
F,13,01,Conducteur / Conductrice de grue �� tour,12959
F,13,01,Conducteur / Conductrice de grue d'armement,12960
F,13,01,Conducteur / Conductrice de grue de cale,12961
F,13,01,Conducteur / Conductrice de grue marteau,12962
F,13,01,Conducteur / Conductrice de grue pyl��ne,12964
F,13,01,Conducteur / Conductrice de grue sapine,12965
F,13,01,Conducteur / Conductrice de grue sur rails,12967
F,13,01,Conducteur grutier / Conductrice gruti��re,13300
F,13,01,Grutier / Gruti��re,15432
F,13,01,Grutier Ǹlingueur / Gruti��re Ǹlingueuse,15433
F,13,01,Grutier pontier / Gruti��re ponti��re,15434
F,13,02,Conduite d'engins de terrassement et de carri��re,
F,13,02,Conducteur / Conductrice de bǸlier,12885
F,13,02,Conducteur / Conductrice de benne,12886
F,13,02,Conducteur / Conductrice de bouteur,12891
F,13,02,Conducteur / Conductrice de brise-roches,12892
F,13,02,Conducteur / Conductrice de bulldozer,12895
F,13,02,Conducteur / Conductrice de cǽble lasso,12899
F,13,02,Conducteur / Conductrice de chargeur �� chenilles,12915
F,13,02,Conducteur / Conductrice de chargeuse,12916
F,13,02,Conducteur / Conductrice de chargeuse pelleteuse,12917
F,13,02,Conducteur / Conductrice de compacteurs,12923
F,13,02,Conducteur / Conductrice de dǸcapeuses,12930
F,13,02,Conducteur / Conductrice de dǸfonceuses,12931
F,13,02,Conducteur / Conductrice de dǸminage,12933
F,13,02,Conducteur / Conductrice de dragline,12935
F,13,02,Conducteur / Conductrice de drague,12936
F,13,02,Conducteur / Conductrice de dumper,12937
F,13,02,Conducteur / Conductrice de foreuses,12939
F,13,02,Conducteur / Conductrice de gravillonneuse,12956
F,13,02,Conducteur / Conductrice de haveuse,12969
F,13,02,Conducteur / Conductrice de jumbo,12971
F,13,02,Conducteur / Conductrice de locos,13003
F,13,02,Conducteur / Conductrice de minage,13109
F,13,02,Conducteur / Conductrice de niveleuse,13117
F,13,02,Conducteur / Conductrice de pelle,13118
F,13,02,Conducteur / Conductrice de pelle �� chenilles,13119
F,13,02,Conducteur / Conductrice de pelle �� pneus,13120
F,13,02,Conducteur / Conductrice de pelle hydraulique,13121
F,13,02,Conducteur / Conductrice de pelle-dragline,13122
F,13,02,Conducteur / Conductrice de pipelayer,13127
F,13,02,Conducteur / Conductrice de pont automoteur,13136
F,13,02,Conducteur / Conductrice de pulvimixeur,13153
F,13,02,Conducteur / Conductrice de rabots,13155
F,13,02,Conducteur / Conductrice de scraper,13174
F,13,02,Conducteur / Conductrice de sonnette,13184
F,13,02,Conducteur / Conductrice de tombereau,13198
F,13,02,Conducteur / Conductrice de tractopelle,13202
F,13,02,Conducteur / Conductrice de trancheuses,13206
F,13,02,Conducteur / Conductrice de traxcavator,13224
F,13,02,Conducteur / Conductrice de tunnelier,13227
F,13,02,Conducteur / Conductrice d'engins d'abattage,13245
F,13,02,Conducteur / Conductrice d'engins de chantier,13246
F,13,02,Conducteur / Conductrice d'engins de damage,13247
F,13,02,Conducteur / Conductrice d'engins de franchissement,13249
F,13,02,Conducteur / Conductrice d'engins de terrassement,13251
F,13,02,Conducteur / Conductrice d'engins de travaux publics,13253
F,13,02,Conducteur / Conductrice d'engins multifonction d'aide au dǸploiement,13258
F,13,02,Conducteur / Conductrice d'engins opǸrations de dǸpollution pyrotechnique,38331
F,13,02,Conducteur / Conductrice d'excavatrices,13275
F,13,02,Conducteur opǸrateur / Conductrice opǸratrice de forage rapide et de destruction,13311
F,13,02,Pilote opǸrateur / opǸratrice engin blindǸ du gǸnie,17782
F,14,,Extraction,
F,14,01,Extraction liquide et gazeuse,
F,14,01,Accrocheur / Accrocheuse,10233
F,14,01,Chef d'Ǹquipe foreur / foreuse,12474
F,14,01,Electricien / Electricienne de sonde en matǸriel de forage,14627
F,14,01,Foreur / Foreuse,15110
F,14,01,Foreur / Foreuse chef de poste,15111
F,14,01,Foreur / Foreuse d'eau,15113
F,14,01,Foreur / Foreuse gaz,15114
F,14,01,Foreur / Foreuse pǸtrole,15115
F,14,01,Homme / Femme de plancher,15472
F,14,01,Ouvrier / Ouvri��re de forage,17439
F,14,01,Ouvrier / Ouvri��re de plancher,17452
F,14,01,Poseur / Poseuse de sonde,17935
F,14,01,Puisatier / Puisati��re,18246
F,14,01,Technicien / Technicienne de forage,19772
F,14,01,Technicien / Technicienne des boues,19944
F,14,01,Technicien / Technicienne des fluides de forage,19946
F,14,02,Extraction solide,
F,14,02,Abatteur / Abatteuse de carri��re,10200
F,14,02,Artificier / Artifici��re de carri��re,11149
F,14,02,Boutefeu,11581
F,14,02,Carrier / Carri��re,11694
F,14,02,Carrier Ǹbaucheur / Carri��re Ǹbaucheuse,11695
F,14,02,Carrier fendeur / Carri��re fendeuse de fond,11696
F,14,02,Carrier scieur / Carri��re scieuse de masse,11697
F,14,02,Chargeur / Chargeuse aux cages,11945
F,14,02,Chef d'abattage de roches,12019
F,14,02,Chef de tir de mines,12378
F,14,02,Chef d'Ǹquipe de mines,12420
F,14,02,Chef d'Ǹquipe en carri��re,12452
F,14,02,Conducteur / Conductrice de sout��nement marchant,13186
F,14,02,DǸbiteur / DǸbitrice de fond,13888
F,14,02,DǸbiteur / DǸbitrice de pierre,13891
F,14,02,Extracteur / Extractrice de roches,15020
F,14,02,Fendeur / Fendeuse de fond,15064
F,14,02,Fendeur / Fendeuse de granit,15065
F,14,02,Fendeur / Fendeuse de roches,15067
F,14,02,Fendeur-dǸbiteur / Fendeuse-dǸbiteuse de roches,15069
F,14,02,Fendeur-extracteur / Fendeuse-extractrice de roches,15070
F,14,02,Foreur / Foreuse de roche,15112
F,14,02,Lauzier / Lauzi��re,16163
F,14,02,Mineur / Mineuse,16681
F,14,02,Orpailleur / Orpailleuse,17365
F,14,02,Ouvrier / Ouvri��re d'about,17418
F,14,02,Ouvrier / Ouvri��re de l'extraction solide,17443
F,14,02,Ouvrier / Ouvri��re d'exploitation des mines,17482
F,14,02,Ouvrier carrier / Ouvri��re carri��re,17409
F,14,02,PrǸposǸ / PrǸposǸe aux tirs de mines,18048
F,14,02,Scieur / Scieuse d'ardoise,19325
F,14,02,Scieur / Scieuse de granit,19326
F,14,02,Scieur / Scieuse de pierre,19328
F,14,02,Scieur / Scieuse de roches,19330
F,14,02,Tireur / Tireuse de mines,20332
F,15,,Montage de structures,
F,15,01,Montage de structures et de charpentes bois,
F,15,01,Aide charpentier poseur / Aide charpenti��re poseuse,38495
F,15,01,Charpentier bois poseur / Charpenti��re bois poseuse,11954
F,15,01,Charpentier poseur / Charpenti��re poseuse,11965
F,15,01,Chef d'Ǹquipe en pose de charpentes bois,12467
F,15,01,Fustier / Fusti��re,38182
F,15,01,Monteur / Monteuse de chalets en bois,16770
F,15,01,Monteur / Monteuse de maisons �� ossature bois,16787
F,15,01,Monteur / Monteuse de structures bois,16795
F,15,01,Monteur / Monteuse en structures bois et composites,16840
F,15,01,Poseur / Poseuse de bardeaux,17904
F,15,01,Poseur / Poseuse de charpentes bois,17907
F,15,01,Poseur / Poseuse de charpentes en matǸriaux bois composites,17908
F,15,01,Poseur / Poseuse de charpentes industrielles,17909
F,15,01,Poseur / Poseuse de charpentes traditionnelles,17910
F,15,01,Poseur / Poseuse de fermettes,17919
F,15,02,Montage de structures mǸtalliques,
F,15,02,Bardeur / Bardeuse,11492
F,15,02,Chef d'Ǹquipe en construction mǸtallique,12454
F,15,02,Echafaudeur / Echafaudeuse,14551
F,15,02,Echafaudeur / Echafaudeuse en construction navale,14552
F,15,02,Monteur / Monteuse de bardages,16765
F,15,02,Monteur / Monteuse de chapiteau,16773
F,15,02,Monteur / Monteuse de grues,16781
F,15,02,Monteur / Monteuse de pyl��nes,16792
F,15,02,Monteur / Monteuse en charpente mǸtallique,16809
F,15,02,Monteur / Monteuse en constructions mǸtalliques,16814
F,15,02,Monteur / Monteuse en Ǹchafaudage,16816
F,15,02,Monteur / Monteuse en structures mǸtalliques,16841
F,15,02,Monteur bardeur / Monteuse bardeuse,16758
F,15,02,Monteur-Ǹchafaudeur / Monteuse-Ǹchafaudeuse,16887
F,15,02,Monteur-levageur / Monteuse-levageuse,16891
F,15,02,Poseur / Poseuse en structures mǸtalliques,17949
F,15,03,RǸalisation - installation d'ossatures bois,
F,15,03,Aide charpentier / charpenti��re,38496
F,15,03,Charpentier / Charpenti��re,11952
F,15,03,Charpentier / Charpenti��re bois en construction navale,11953
F,15,03,Charpentier / Charpenti��re de marine,11955
F,15,03,Charpentier / Charpenti��re de restauration,11956
F,15,03,Charpentier escaliǸteur / Charpenti��re escaliǸteuse,11957
F,15,03,Charpentier naval / Charpenti��re navale sur ossature bois,11964
F,15,03,Traceur / Traceuse de charpentes en bois,20393
F,16,,Second oeuvre,
F,16,01,Application et dǸcoration en plǽtre, stuc et staff,
F,16,01,Gypsier / Gypsi��re,15461
F,16,01,Plǽtrier / Plǽtri��re,17828
F,16,01,Plǽtrier staffeur / Plǽtri��re staffeuse,17829
F,16,01,Staffeur / Staffeuse,19516
F,16,01,Staffeur / Staffeuse ornemaniste,19517
F,16,01,Stucateur / Stucateuse,19539
F,16,02,�?lectricitǸ bǽtiment,
F,16,02,Chef d'Ǹquipe Ǹlectricien,12448
F,16,02,Electricien / Electricienne bǽtiment tertiaire,14614
F,16,02,Electricien / Electricienne de chantier,14617
F,16,02,Electricien / Electricienne d'Ǹquipement,14631
F,16,02,Electricien / Electricienne d'Ǹquipement domestique,14632
F,16,02,Electricien / Electricienne du bǽtiment,14635
F,16,02,Electricien / Electricienne photovolta��que,38135
F,16,02,Electricien / Electricienne tertiaire,14643
F,16,02,Electrotechnicien / Electrotechnicienne d'installation,14681
F,16,02,Enseigniste,14855
F,16,02,Monteur Ǹlectricien / Monteuse Ǹlectricienne,16801
F,16,02,Technicien / Technicienne de pose de compteurs Ǹlectriques,38897
F,16,03,Installation d'Ǹquipements sanitaires et thermiques,
F,16,03,Aide plombier / plombi��re,38414
F,16,03,Chauffagiste,11981
F,16,03,Chef d'Ǹquipe chauffagiste,12396
F,16,03,Chef d'Ǹquipe dǸpanneur / dǸpanneuse de chaudi��res domestiques,38412
F,16,03,Chef d'Ǹquipe dǸpanneur / dǸpanneuse d'installations sanitaires,38413
F,16,03,Chef d'Ǹquipe plombier / plombi��re,12485
F,16,03,DǸpanneur / DǸpanneuse de chaudi��res domestiques,13966
F,16,03,DǸpanneur / DǸpanneuse en chauffage central,13971
F,16,03,DǸpanneur / DǸpanneuse en installations sanitaires,13974
F,16,03,Installateur / Installatrice de chauffage bois,39001
F,16,03,Installateur / Installatrice de chauffage solaire individuel,38134
F,16,03,Installateur / Installatrice en chauffage, climatisation, sanitaire et Ǹnergies renouvelables,38853
F,16,03,Installateur / Installatrice en sanitaire,16004
F,16,03,Monteur / Monteuse de brǯleurs �� fuel et gaz,16767
F,16,03,Monteur / Monteuse en chauffage,16810
F,16,03,Monteur / Monteuse en chauffage central,16811
F,16,03,Monteur / Monteuse en installations sanitaires,16826
F,16,03,Monteur / Monteuse en installations thermiques,16827
F,16,03,Monteur / Monteuse en plomberie chauffage,16836
F,16,03,Ouvrier / Ouvri��re d'entretien de chaufferie,17473
F,16,03,Plombier / Plombi��re,17837
F,16,03,Plombier / Plombi��re chauffagiste,17838
F,16,03,Plombier / Plombi��re sanitaire,17839
F,16,03,Plombier zingueur / Plombi��re zingueuse,17840
F,16,03,Poseur / Poseuse de compteurs d'eau,17915
F,16,03,Poseur / Poseuse de compteurs gaz,17916
F,16,03,Ramoneur / Ramoneuse,18285
F,16,03,RǸgleur / RǸgleuse de chaudi��res,18427
F,16,03,RǸgleur-dǸpanneur / RǸgleuse-dǸpanneuse d'appareils �� gaz,18492
F,16,03,Technicien / Technicienne d'Ǹquipements de piscine,19942
F,16,04,Montage d'agencements,
F,16,04,Agenceur / Agenceuse de cuisine,10345
F,16,04,Agenceur / Agenceuse de stands,10346
F,16,04,Chef d'Ǹquipe en agencement,12449
F,16,04,Installateur / Installatrice de cuisines,16000
F,16,04,Installateur / Installatrice de stands,16002
F,16,04,Jointeur / Jointeuse plaquiste,16074
F,16,04,Monteur / Monteuse d'agencement en isolation thermique,16761
F,16,04,Monteur / Monteuse d'agencement en isolation thermique et phonique,16762
F,16,04,Monteur / Monteuse de chambres blanches,16771
F,16,04,Monteur / Monteuse de chambres froides,16772
F,16,04,Monteur / Monteuse de cloisons,16776
F,16,04,Monteur / Monteuse de stands,16794
F,16,04,Monteur / Monteuse en agencement,16805
F,16,04,Monteur / Monteuse en chambres froides et entrep��ts frigorifiques,16808
F,16,04,Monteur / Monteuse en ǸlǸments prǸ-fabriquǸs,16818
F,16,04,Monteur / Monteuse en faux-plafonds,16821
F,16,04,Monteur / Monteuse plaquiste,16850
F,16,04,Monteur jointeur / Monteuse jointeuse plaquiste,16846
F,16,04,Monteur-poseur / Monteuse-poseuse en agencement,16892
F,16,04,Plaquiste,17821
F,16,04,Plaquiste enduiseur / enduiseuse,38064
F,16,04,Plǽtrier-plaquiste / Plǽtri��re-plaquiste,17831
F,16,04,Poseur / Poseuse de cloisons,17911
F,16,04,Poseur / Poseuse de cloisons prǸfabriquǸes,17912
F,16,04,Poseur / Poseuse de cuisines,17917
F,16,04,Poseur / Poseuse de faux-plafonds,17918
F,16,04,Poseur / Poseuse de plaques de plǽtre,17930
F,16,04,Sapeur / Sapeuse de construction modulaire militaire,19307
F,16,05,Montage de rǸseaux Ǹlectriques et tǸlǸcoms,
F,16,05,Agent / Agente de lignes tǸlǸphoniques,10475
F,16,05,Aide Ǹlectricien monteur / Ǹlectricienne monteuse rǸseaux,10845
F,16,05,Cǽbleur / Cǽbleuse de rǸseaux Ǹlectriques,11615
F,16,05,Cǽbleur / Cǽbleuse haute et basse tension,11621
F,16,05,CatǸnairiste,11712
F,16,05,Chef d'Ǹquipe d'Ǹlectriciens monteurs rǸseaux,12436
F,16,05,Contr��leur / Contr��leuse de catǸnaires,13593
F,16,05,Electricien / Electricienne d'Ǹclairage public,14628
F,16,05,Electricien / Electricienne des Travaux Publics,14634
F,16,05,Electricien / Electricienne en balisage,14636
F,16,05,Electricien / Electricienne lignes et rǸseaux,14639
F,16,05,Electricien / Electricienne rǸseaux,14641
F,16,05,Electricien monteur / Electricienne monteuse rǸseaux,14640
F,16,05,Lignard / Lignarde,16193
F,16,05,Monteur / Monteuse de catǸnaires,16768
F,16,05,Monteur / Monteuse de lignes aǸro souterraines,16783
F,16,05,Monteur / Monteuse de lignes Ǹlectriques,16784
F,16,05,Monteur / Monteuse de lignes haute et tr��s haute tension,16785
F,16,05,Monteur / Monteuse de lignes tǸlǸphoniques,16786
F,16,05,Monteur / Monteuse de rǸseaux Ǹlectriques,16793
F,16,05,Monteur / Monteuse en Ǹclairage public,16817
F,16,05,Monteur / Monteuse en lignes catǸnaires,16830
F,16,05,Monteur / Monteuse rǸseaux,16860
F,16,05,Monteur Ǹlectricien / Monteuse Ǹlectricienne travaux souterrains,16804
F,16,05,Monteur-cǽbleur / Monteuse-cǽbleuse haute et basse tension,16878
F,16,05,Monteur-Ǹlectricien / Monteuse-Ǹlectricienne en rǸseaux de distribution Ǹlectrique,16888
F,16,05,OpǸrateur / OpǸratrice d'Ǹclairage public,17178
F,16,05,Poseur tireur / Poseuse tireuse de cǽbles en fibre optique,38136
F,16,05,Technicien / Technicienne d'exploitation de lignes Ǹlectriques,19973
F,16,05,Technicien / Technicienne d'intervention en rǸseaux Ǹlectriques,20013
F,16,06,Peinture en bǽtiment,
F,16,06,Aide peintre,38415
F,16,06,Applicateur / Applicatrice de rǸsines de synth��se,11083
F,16,06,Applicateur / Applicatrice d'enduits,11085
F,16,06,Chef d'Ǹquipe peinture,12483
F,16,06,Peintre dǸcorateur / dǸcoratrice,17617
F,16,06,Peintre d'intǸrieur,17618
F,16,06,Peintre en bǽtiment,17619
F,16,06,Peintre en lettres,17624
F,16,06,Peintre enduiseur / enduiseuse,17629
F,16,06,Peintre finisseur / finisseuse,17630
F,16,06,Peintre plǽtrier / plǽtri��re,17638
F,16,06,Peintre ragrǸeur / ragrǸeuse,17640
F,16,06,Peintre tapissier / tapissi��re,17647
F,16,06,Peintre vitrier / vitri��re,17649
F,16,06,Poseur / Poseuse de papiers peints,17926
F,16,06,Poseur / Poseuse de plafonds tendus,17929
F,16,06,Poseur / Poseuse de tissu tendu,17937
F,16,07,Pose de fermetures menuisǸes,
F,16,07,Aide poseur / poseuse de menuiseries,38497
F,16,07,Chef d'Ǹquipe en pose de menuiseries,12468
F,16,07,Chef d'Ǹquipe en pose de miroiterie,12469
F,16,07,DǸpanneur / DǸpanneuse en serrurerie,13977
F,16,07,Menuisier / Menuisi��re aluminium,16612
F,16,07,Menuisier / Menuisi��re PVC,16627
F,16,07,Menuisier poseur / Menuisi��re poseuse aluminium,16625
F,16,07,Menuisier poseur / Menuisi��re poseuse de fermetures,16626
F,16,07,MǸtallier poseur / MǸtalli��re poseuse de menuiseries mǸtalliques,16636
F,16,07,MǸtallier-poseur / MǸtalli��re-poseuse,16638
F,16,07,MǸtallier-serrurier / MǸtalli��re-serruri��re,16639
F,16,07,Miroitier / Miroiti��re,16683
F,16,07,Miroitier poseur / Miroiti��re poseuse aluminium,16684
F,16,07,Miroitier-poseur / Miroiti��re-poseuse,16685
F,16,07,Monteur techniverrier / Monteuse techniverri��re,16865
F,16,07,Ouvrier poseur / Ouvri��re poseuse de menuiserie,17525
F,16,07,Ouvrier poseur / Ouvri��re poseuse de menuiseries extǸrieures,17526
F,16,07,Poseur / Poseuse aluminium/PVC,17901
F,16,07,Poseur / Poseuse de cl��tures,17914
F,16,07,Poseur / Poseuse de fermetures,17920
F,16,07,Poseur / Poseuse de stores,17936
F,16,07,Poseur / Poseuse de vǸrandas,17939
F,16,07,Poseur / Poseuse de verri��res,17940
F,16,07,Poseur / Poseuse de vitrages,17941
F,16,07,Poseur / Poseuse de volets roulants,17943
F,16,07,Poseur / Poseuse en fermetures de bǽtiment,17946
F,16,07,Poseur / Poseuse en mǸtallerie,17948
F,16,07,Poseur-monteur / Poseuse-monteuse en miroiterie,17950
F,16,07,Serrurier / Serruri��re du bǽtiment,19416
F,16,07,Serrurier-poseur / Serruri��re-poseuse,19419
F,16,07,Vitrier / Vitri��re,20715
F,16,08,Pose de revǦtements rigides,
F,16,08,Aide carreleur / carreleuse,38416
F,16,08,Carreleur / Carreleuse,11690
F,16,08,Carreleur / Carreleuse mosa��ste,11691
F,16,08,Carreleur-fa��encier / Carreleuse-fa��enci��re,11692
F,16,08,Carreleur-fa��encier / Carreleuse-fa��enci��re mosa��ste,11693
F,16,08,Chef d'Ǹquipe carreleur / carreleuse,12395
F,16,08,Fa��encier-poseur / Fa��enci��re-poseuse,15059
F,16,08,Installateur polisseur / Installatrice polisseuse de dallage industriel,38498
F,16,08,Marbrier-poseur / Marbri��re-poseuse,16386
F,16,08,Mosa��ste,16900
F,16,08,Mosa��ste-poseur / Mosa��ste-poseuse,16902
F,16,08,Ouvrier carreleur / Ouvri��re carreleuse,17408
F,16,08,Parqueteur / Parqueteuse,17565
F,16,08,Parqueteur menuisier / Parqueteuse menuisi��re,17566
F,16,08,Ponceur-vitrificateur / Ponceuse-vitrificatrice de parquets,17883
F,16,08,Poseur / Poseuse de granit,17921
F,16,08,Poseur / Poseuse de parquet,17927
F,16,08,Poseur / Poseuse de revǦtements en pierre,17931
F,16,09,Pose de revǦtements souples,
F,16,09,Applicateur / Applicatrice de rǸsines sur sol,11084
F,16,09,Chef d'Ǹquipe solier-moquettiste / soli��re-moquettiste,12491
F,16,09,Enduiseur / Enduiseuse de sols en mati��re synthǸtique,14832
F,16,09,Poseur / Poseuse d'adhǸsifs,17902
F,16,09,Poseur / Poseuse de linolǸum,17922
F,16,09,Poseur / Poseuse de moquette,17924
F,16,09,Poseur / Poseuse de revǦtements souples de sols,17932
F,16,09,Poseur / Poseuse de revǦtements souples muraux,17933
F,16,09,Poseur / Poseuse de revǦtements souples murs et sols,17934
F,16,09,Solier-moquettiste / Soli��re-moquettiste,19451
F,16,10,Pose et restauration de couvertures,
F,16,10,Aide couvreur / couvreuse,38499
F,16,10,Chef d'Ǹquipe de couvreurs,12407
F,16,10,Couvreur / Couvreuse,13822
F,16,10,Couvreur / Couvreuse de chaume,13825
F,16,10,Couvreur / Couvreuse en monuments historiques,13826
F,16,10,Couvreur ardoisier / Couvreuse ardoisi��re,13823
F,16,10,Couvreur charpentier / Couvreuse charpenti��re,13824
F,16,10,Couvreur ferblantier / Couvreuse ferblanti��re,13827
F,16,10,Couvreur lauzier / Couvreuse lauzi��re,13828
F,16,10,Couvreur poseur / Couvreuse poseuse de panneaux solaires,38065
F,16,10,Couvreur tuilier / Couvreuse tuili��re,13829
F,16,10,Couvreur zingueur / Couvreuse zingueuse,13830
F,16,10,Monteur / Monteuse de panneaux photovolta��ques,38066
F,16,10,Zingueur / Zingueuse,20738
F,16,11,RǸalisation et restauration de fa��ades,
F,16,11,Cimentier ravaleur / Cimenti��re ravaleuse,12642
F,16,11,CrǸpisseur / CrǸpisseuse,13845
F,16,11,Enduiseur / Enduiseuse,14830
F,16,11,Enduiseur / Enduiseuse de sols en extǸrieur,14831
F,16,11,Fa��adier / Fa��adi��re,15029
F,16,11,Fa��adier / Fa��adi��re isolation thermique par l'extǸrieur - ITE,38632
F,16,11,Fa��adier-bardeur / Fa��adi��re-bardeuse,15030
F,16,11,Fa��adier-enduiseur / Fa��adi��re-enduiseuse,15031
F,16,11,Fa��adier-peintre / Fa��adi��re-peintre,15032
F,16,11,Fa��adier-ravaleur / Fa��adi��re-ravaleuse,15033
F,16,11,Fa��adier-sableur / Fa��adi��re-sableuse,15034
F,16,11,Ma��on-projeteur / Ma��onne-projeteuse,16274
F,16,11,Ma��on-ravaleur / Ma��onne-ravaleuse,16275
F,16,11,Peintre ravaleur / ravaleuse,17641
F,16,11,Ravaleur / Ravaleuse,18289
F,16,11,Ravaleur / Ravaleuse de fa��ades,18290
F,16,11,Ravaleur-plǽtrier / Ravaleuse-plǽtri��re,18292
F,16,11,Ravaleur-projeteur / Ravaleuse-projeteuse,18293
F,16,11,Ravaleur-ragrǸeur / Ravaleuse-ragrǸeuse,18294
F,16,12,Taille et dǸcoration de pierres,
F,16,12,Marbrier / Marbri��re d'art,16385
F,16,12,Marqueteur / Marqueteuse de pierres dures,16416
F,16,12,Mosa��ste d'art,16901
F,16,12,Ravaleur / Ravaleuse de pierre de taille,18291
F,16,12,Sculpteur / Sculptrice ornemaniste sur pierre,19339
F,16,12,Tailleur / Tailleuse de pierre,19619
F,16,12,Tailleur de pierre restaurateur / Tailleuse de pierre restauratrice,19620
F,16,12,Tailleur de pierre-fontainier / Tailleuse de pierre-fontaini��re,19621
F,16,12,Tailleur de pierre-marbrier / Tailleuse de pierre-marbri��re,19622
F,16,12,Tailleur moellonneur / Tailleuse moellonneuse,19626
F,16,12,Tailleur-polisseur / Tailleuse-polisseuse de roches,19629
F,16,12,Tourneur / Tourneuse sur pierre,20379
F,16,13,Travaux d'ǸtanchǸitǸ et d'isolation,
F,16,13,Applicateur / Applicatrice d'asphalte,11082
F,16,13,Applicateur / Applicatrice d'ǸtanchǸitǸ,11087
F,16,13,Asphalteur / Asphalteuse,11165
F,16,13,Calorifugeur / Calorifugeuse,11657
F,16,13,Chef d'Ǹquipe en ǸtanchǸitǸ,12456
F,16,13,EtanchǸiste,14910
F,16,13,Etancheur / Etancheuse,14911
F,16,13,Etancheur-bardeur / Etancheuse-bardeuse,14913
F,16,13,Etancheur-couvreur / Etancheuse-couvreuse,14914
F,16,13,Monteur / Monteuse en isolation thermique industrielle,16828
F,16,13,Monteur-calorifugeur / Monteuse-calorifugeuse sur tuyauteries et appareils,16881
F,16,13,Ouvrier / Ouvri��re de dǸsenfumage,17430
F,16,13,Poseur / Poseuse en isolation thermique,17947
F,16,13,RevǦtisseur-ǸtanchǸiste / RevǦtisseuse-ǸtanchǸiste,19255
F,16,13,T��lier-calorifugeur / T��li��re-calorifugeuse,20354
F,17,,Travaux et gros oeuvre,
F,17,01,Construction en bǸton,
F,17,01,Bancheur / Bancheuse,11489
F,17,01,Bancheur-coffreur / Bancheuse-coffreuse,11490
F,17,01,Batteur / Batteuse de pieux,11498
F,17,01,BǸtonneur / BǸtonneuse,11503
F,17,01,BǸtonnier / BǸtonni��re,11504
F,17,01,Boiseur / Boiseuse,11551
F,17,01,Chef d'Ǹquipe coffreur / coffreuse,12397
F,17,01,Chef d'Ǹquipe ferrailleur / ferrailleuse du BTP,12473
F,17,01,Coffreur / Coffreuse,12679
F,17,01,Coffreur / Coffreuse bǸton armǸ,12681
F,17,01,Coffreur / Coffreuse gǸnie civil,12682
F,17,01,Coffreur / Coffreuse mǸtallique,12684
F,17,01,Coffreur bancheur / Coffreuse bancheuse,12680
F,17,01,Coffreur glissant / Coffreuse glissante,12683
F,17,01,Coffreur-boiseur / Coffreuse-boiseuse,12685
F,17,01,Coffreur-boiseur-escaliǸteur / Coffreuse-boiseuse-escaliǸteuse,12686
F,17,01,Coffreur-ferrailleur / Coffreuse-ferrailleuse,12687
F,17,01,Constructeur / Constructrice en bǸton armǸ,13520
F,17,01,Constructeur / Constructrice en ma��onnerie et bǸton armǸ,13522
F,17,01,Fa��onneur-assembleur-ferrailleur / Fa��onneuse-assembleuse-ferrailleuse,15036
F,17,01,Ferrailleur / Ferrailleuse du BTP,15071
F,17,01,Ferrailleur-attacheur / Ferrailleuse-attacheuse du BTP,15072
F,17,01,Ma��on-monteur industriel / Ma��onne-monteuse industrielle,16271
F,17,01,Monteur / Monteuse d'ǸlǸments prǸfabriquǸs,16797
F,17,01,Monteur / Monteuse en prǸfabrications lourdes,16838
F,17,01,Monteur-assembleur / Monteuse-assembleuse en treillis soudǸs,16867
F,17,01,Ouvrier / Ouvri��re du bǸton,17486
F,17,01,Ouvrier / Ouvri��re gǸnie civil,17503
F,17,01,Piscinier / Piscini��re en piscines collectives en bǸton,17802
F,17,02,Construction de routes et voies,
F,17,02,Agent / Agente d'entretien de la voie ferrǸe,10665
F,17,02,Chef d'application d'enrobǸs,12029
F,17,02,Chef d'entretien de la voie ferrǸe,12387
F,17,02,Chef d'Ǹquipe des travaux de voirie communale,12442
F,17,02,Chef d'Ǹquipe mise en oeuvre d'enrobǸs,12478
F,17,02,Chef d'Ǹquipe produits noirs,12488
F,17,02,Compagnon / Compagnonne Voiries et RǸseaux Divers -VRD-,12780
F,17,02,Compagnon routier / Compagnonne routi��re,12779
F,17,02,Conducteur / Conductrice de rǸpandeuses,13163
F,17,02,Ma��on / Ma��onne Voiries et RǸseaux Divers -VRD-,16257
F,17,02,Ouvrier / Ouvri��re en voiries,17499
F,17,02,Ouvrier / Ouvri��re Voiries et RǸseaux Divers -VRD-,17541
F,17,02,Ouvrier poseur / Ouvri��re poseuse de voies ferrǸes,17527
F,17,02,Ouvrier rǸgleur / Ouvri��re rǸgleuse d'enrobǸs,17528
F,17,02,Paveur / Paveuse,17597
F,17,02,Poseur / Poseuse de bordures et caniveaux,17905
F,17,02,Poseur / Poseuse de panneaux de signalisation,17925
F,17,02,Poseur / Poseuse de voies ferrǸes,17942
F,17,02,RǸgaleur / RǸgaleuse sur voiries,18399
F,17,02,RǸgaleur-rǸpandeur / RǸgaleuse-rǸpandeuse,18400
F,17,02,Sapeur / Sapeuse travaux lourds et voies ferrǸes,19308
F,17,03,Ma��onnerie,
F,17,03,Atrier / Atri��re,11365
F,17,03,Atrier-fumiste / Atri��re-fumiste,11366
F,17,03,Brasqueur / Brasqueuse,11589
F,17,03,Briqueteur / Briqueteuse,11596
F,17,03,Chapiste,11739
F,17,03,Chef d'Ǹquipe ma��on / ma��onne,12477
F,17,03,Cimentier / Cimenti��re,12639
F,17,03,Cimentier applicateur / Cimenti��re applicatrice,12640
F,17,03,Cimentier enduiseur / Cimenti��re enduiseuse,12641
F,17,03,Fumiste,15173
F,17,03,Installateur-poseur / Installatrice-poseuse de piscines prǸfabriquǸes,16006
F,17,03,Ma��on / Ma��onne,16250
F,17,03,Ma��on / Ma��onne du paysage,16252
F,17,03,Ma��on / Ma��onne en monuments funǸraires,16253
F,17,03,Ma��on / Ma��onne en rǸnovation,16254
F,17,03,Ma��on / Ma��onne en thermique industrielle,16255
F,17,03,Ma��on / Ma��onne pierre,16256
F,17,03,Ma��on bǽtisseur / Ma��onne bǽtisseuse de pierres s��ches,16251
F,17,03,Ma��on poseur / Ma��onne poseuse de cheminǸes et poǦles,38217
F,17,03,Ma��on-applicateur / Ma��onne-applicatrice,16258
F,17,03,Ma��on-boiseur / Ma��onne-boiseuse,16259
F,17,03,Ma��on-briqueteur / Ma��onne-briqueteuse,16260
F,17,03,Ma��on-carreleur / Ma��onne-carreleuse,16261
F,17,03,Ma��on-cimentier / Ma��onne-cimenti��re,16262
F,17,03,Ma��on-coffreur / Ma��onne-coffreuse,16263
F,17,03,Ma��on-couvreur / Ma��onne-couvreuse,16264
F,17,03,Ma��on-enduiseur / Ma��onne-enduiseuse,16265
F,17,03,Ma��on-ferrailleur / Ma��onne-ferrailleuse,16266
F,17,03,Ma��on-finisseur / Ma��onne-finisseuse,16267
F,17,03,Ma��on-fumiste / Ma��onne-fumiste,16268
F,17,03,Ma��on-fumiste / Ma��onne-fumiste en verrerie,16269
F,17,03,Ma��on-limousinant / Ma��onne-limousinante ,16270
F,17,03,Ma��on-piscinier / Ma��onne-piscini��re,16272
F,17,03,Ma��on-plǽtrier / Ma��onne-plǽtri��re,16273
F,17,03,Moellonneur / Moellonneuse,16720
F,17,03,Ouvrier / Ouvri��re de la ma��onnerie,17441
F,17,03,Parpineur / Parpineuse,17564
F,17,04,PrǸparation du gros oeuvre et des travaux publics,
F,17,04,Aide ma��on / ma��onne Voiries et RǸseaux Divers VRD,10851
F,17,04,Aide-ma��on / Aide-ma��onne,10879
F,17,04,Bǽtisseur / Bǽtisseuse du gǸnie militaire,11496
F,17,04,Borneur / Borneuse,11558
F,17,04,DǸmolisseur / DǸmolisseuse,13954
F,17,04,DǸmolisseur-rǸcupǸrateur / DǸmolisseuse-rǸcupǸratrice de matǸriaux du BTP,13955
F,17,04,Gravatier / Gravati��re,15399
F,17,04,Gravillonneur / Gravillonneuse,15419
F,17,04,Magasinier / Magasini��re de dǸp��t d'entreprise du BTP,16279
F,17,04,Manoeuvre bǽtiment,16351
F,17,04,Manoeuvre de chantier,16352
F,17,04,Manoeuvre gros oeuvre,16354
F,17,04,Manoeuvre routier / routi��re,16356
F,17,04,Manoeuvre travaux publics,16357
F,17,04,Ouvrier / Ouvri��re en dǸmolition,17491
F,17,04,Scieur carotteur / Scieuse carotteuse de bǸton,38155
F,17,04,Terrassier / Terrassi��re,20309
F,17,04,Tireur / Tireuse au rǽteau,20329
F,17,05,Pose de canalisations,
F,17,05,Agent / Agente de rǸseaux de canalisation,10589
F,17,05,Canalisateur / Canalisatrice,11661
F,17,05,Chef d'Ǹquipe canalisateur / canalisatrice,12394
F,17,05,Constructeur / Constructrice en canalisations d'hygi��ne publique et voies urbaines,13521
F,17,05,Poseur / Poseuse de canalisations,17906
F,17,05,Poseur / Poseuse de tuyaux,17938
F,17,06,PrǸfabrication en bǸton industriel,
F,17,06,Agent / Agente de fabrication de l'industrie du bǸton,10446
F,17,06,Agent / Agente de prǸcontrainte de l'industrie du bǸton,10550
F,17,06,Agent / Agente de prǸfabrication de l'industrie du bǸton,10551
F,17,06,Armaturier / Armaturi��re de l'industrie du bǸton,11140
F,17,06,Chef d'Ǹquipe de l'industrie du bǸton,12414
F,17,06,Finisseur / Finisseuse de l'industrie du bǸton,15090
F,17,06,Mouleur / Mouleuse de l'industrie du bǸton,16919
F,17,06,PrǸparateur monteur / PrǸparatrice monteuse de moules de l'industrie du bǸton,18036
